longitude,latitude,aod,k_id
73.69433461802404,35.54999999680917,0.023,73693555
73.56883015638127,35.55833333014176,0.04375,73573556
73.5790736582131,35.55833333014176,0.025,73583556
73.55858665454942,35.55833333014176,0.04175,73563556
73.41256745046468,35.566666663474344,0.0,73413557
73.50476855387721,35.566666663474344,0.04675,73503557
73.51501312092307,35.566666663474344,0.045,73523557
73.52266024186295,35.57499999680693,0.02575,73523557
73.39971264948522,35.57499999680693,0.0,73403557
73.6046253034481,35.57499999680693,0.032,73603557
73.57388840535369,35.57499999680693,0.0225,73573557
73.58413403805183,35.57499999680693,0.03375,73583557
73.5533971399574,35.57499999680693,0.04275,73553557
73.54315150725925,35.57499999680693,0.0405,73543557
73.56364277265556,35.57499999680693,0.02225,73563557
73.59437967074996,35.57499999680693,0.0305,73593557
73.57129730467088,35.58333333013952,0.02375,73573558
73.60203740103773,35.58333333013952,0.0292499999999999,73603558
73.56105060588193,35.58333333013952,0.022,73563558
73.43044954757967,35.57499999680693,0.0,73433557
73.40995828218338,35.57499999680693,0.0,73413557
73.44069518027781,35.57499999680693,0.0,73443557
73.45094081297596,35.57499999680693,0.0,73453557
73.42020391488153,35.57499999680693,0.0,73423557
73.46118644567409,35.57499999680693,0.0412499999999999,73463557
73.41759682283657,35.58333333013952,0.0,73423558
73.45858361799237,35.58333333013952,0.0,73463558
73.44833691920343,35.58333333013952,0.0,73453558
73.42784352162553,35.58333333013952,0.0,73433558
73.39710342525865,35.58333333013952,0.0,73403558
73.5329058745611,35.57499999680693,0.04,73533557
73.49192334376853,35.57499999680693,0.036,73493557
73.51241460916482,35.57499999680693,0.0445,73513557
73.50216897646666,35.57499999680693,0.0505,73503557
73.47907701557028,35.58333333013952,0.0,73483558
73.5200638107261,35.58333333013952,0.036,73523558
73.53031050951506,35.58333333013952,0.03425,73533558
73.54055720830401,35.58333333013952,0.0355,73543558
73.4995704131482,35.58333333013952,0.03375,73503558
73.46883031678132,35.58333333013952,0.035,73473558
73.43809022041448,35.58333333013952,0.0,73443558
73.40735012404761,35.58333333013952,0.0,73413558
73.44573403731941,35.5916666634721,0.0,73453559
73.41499074136404,35.5916666634721,0.0,73413559
73.4252385066825,35.5916666634721,0.0,73433559
73.45598180263785,35.5916666634721,0.0,73463559
73.4662295679563,35.5916666634721,0.0,73473559
73.4047429760456,35.5916666634721,0.0,73403559
73.43548627200094,35.5916666634721,0.0,73443559
73.73530436624812,35.54999999680917,0.0445,73743555
73.73272618569099,35.55833333014176,0.0427499999999999,73733556
73.72248268385911,35.55833333014176,0.045,73723556
73.74296968752284,35.55833333014176,0.043,73743556
73.71223918202726,35.55833333014176,0.04,73713556
73.70199568019542,35.55833333014176,0.03925,73703556
73.69175217836356,35.55833333014176,0.03675,73693556
73.68917076070234,35.566666663474344,0.03725,73693557
73.75063816297738,35.566666663474344,0.04025,73753557
73.58672509024393,35.566666663474344,0.03775,73593557
73.60721422433562,35.566666663474344,0.024,73613557
73.56623595615227,35.566666663474344,0.0405,73573557
73.55599138910642,35.566666663474344,0.0412499999999999,73563557
73.5764805231981,35.566666663474344,0.04025,73583557
73.59696965728976,35.566666663474344,0.02375,73603557
73.5457468220606,35.566666663474344,0.03675,73553557
73.661021672868,35.55833333014176,0.0345,73663556
73.67126517469985,35.55833333014176,0.03825,73673556
73.6815086765317,35.55833333014176,0.039,73683556
73.64819249251899,35.566666663474344,0.033,73653557
73.66868162661066,35.566666663474344,0.01925,73673557
73.65843705956483,35.566666663474344,0.03425,73663557
73.67892619365651,35.566666663474344,0.03675,73683557
73.73014902888568,35.566666663474344,0.0414999999999999,73733557
73.70965989479402,35.566666663474344,0.03825,73713557
73.74039359593155,35.566666663474344,0.03975,73743557
73.71990446183985,35.566666663474344,0.03775,73723557
73.69941532774818,35.566666663474344,0.03625,73703557
73.68659036503328,35.57499999680693,0.0355,73693557
73.69683599773143,35.57499999680693,0.035,73703557
73.74806416122213,35.57499999680693,0.03725,73753557
73.7173272631277,35.57499999680693,0.03625,73723557
73.70708163042957,35.57499999680693,0.021,73713557
73.61745879138145,35.566666663474344,0.0415,73623557
73.64560783424069,35.57499999680693,0.02025,73653557
73.666099099637,35.57499999680693,0.03425,73673557
73.61487093614627,35.57499999680693,0.032,73613557
73.65585346693884,35.57499999680693,0.033,73663557
73.6251165688444,35.57499999680693,0.02175,73633557
73.63536220154255,35.57499999680693,0.03475,73643557
73.67634473233514,35.57499999680693,0.03375,73683557
73.6327774974046,35.58333333013952,0.023,73633558
73.73781852852399,35.57499999680693,0.04,73743557
73.72757289582583,35.57499999680693,0.03875,73733557
73.75830979392029,35.57499999680693,0.03575,73763557
73.75573788287207,35.58333333013952,0.03525,73763558
73.70450438892729,35.58333333013952,0.032,73703558
73.73524448529415,35.58333333013952,0.0365,73743558
73.7249977865052,35.58333333013952,0.03475,73723558
73.7454911840831,35.58333333013952,0.02325,73753558
73.69425769013834,35.58333333013952,0.0215,73693558
73.71475108771624,35.58333333013952,0.03,73713558
73.55080390709297,35.58333333013952,0.0395,73553558
73.58154400345984,35.58333333013952,0.03275,73583558
73.5917907022488,35.58333333013952,0.031,73593558
73.61228409982668,35.58333333013952,0.02975,73613558
73.56870722114081,35.5916666634721,0.034,73573559
73.58920275177772,35.5916666634721,0.02675,73593559
73.55845945582237,35.5916666634721,0.0375,73563559
73.59945051709617,35.5916666634721,0.03225,73603559
73.60969828241461,35.5916666634721,0.02975,73613559
73.5482116905039,35.5916666634721,0.034,73553559
73.62253079861564,35.58333333013952,0.03125,73623558
73.64302419619355,35.58333333013952,0.05,73643558
73.66351759377147,35.58333333013952,0.035,73663558
73.65327089498251,35.58333333013952,0.0412499999999999,73653558
73.67376429256043,35.58333333013952,0.0385,73673558
73.68401099134938,35.58333333013952,0.0365,73683558
73.64044157836997,35.5916666634721,0.02475,73643559
73.61994604773305,35.5916666634721,0.028,73623559
73.67118487432532,35.5916666634721,0.0235,73673559
73.65068934368843,35.5916666634721,0.02475,73653559
73.66093710900687,35.5916666634721,0.024,73663559
73.68143263964379,35.5916666634721,0.0235,73683559
73.63019381305153,35.5916666634721,0.02875,73633559
73.62761114847562,35.59999999680469,0.0305,73633560
73.66860647762292,35.59999999680469,0.0325,73673560
73.65835764533608,35.59999999680469,0.02675,73663560
73.64810881304928,35.59999999680469,0.02675,73653560
73.63785998076247,35.59999999680469,0.026,73643560
73.67885530990972,35.59999999680469,0.032,73683560
73.61736231618882,35.59999999680469,0.02525,73623560
73.75316699687292,35.5916666634721,0.03325,73753559
73.74291923155448,35.5916666634721,0.02175,73743559
73.70192817028068,35.5916666634721,0.03625,73703559
73.71217593559913,35.5916666634721,0.0355,73713559
73.69168040496224,35.5916666634721,0.03825,73693559
73.7224237009176,35.5916666634721,0.022,73723559
73.73267146623604,35.5916666634721,0.0325,73733559
73.73009947134382,35.59999999680469,0.03225,73733560
73.68910414219656,35.59999999680469,0.0235,73693560
73.74034830363064,35.59999999680469,0.032,73743560
73.57895498645928,35.5916666634721,0.03475,73583559
73.59686465161519,35.59999999680469,0.028,73603560
73.57636698704155,35.59999999680469,0.0355,73583560
73.58661581932839,35.59999999680469,0.039,73593560
73.5456204901811,35.59999999680469,0.0205,73553560
73.56611815475475,35.59999999680469,0.0375,73573560
73.55586932246791,35.59999999680469,0.03525,73563560
73.60711348390201,35.59999999680469,0.027,73613560
73.55328020580974,35.60833333013728,0.02275,73553561
73.60452970428094,35.60833333013728,0.054,73603561
73.76598458166102,35.58333333013952,0.03425,73773558
73.76341476219139,35.5916666634721,0.03175,73763559
73.77366252750984,35.5916666634721,0.03025,73773559
73.77109480049108,35.59999999680469,0.0355,73773560
73.7813436327779,35.59999999680469,0.03325,73783560
73.76084596820425,35.59999999680469,0.03425,73763560
73.77877799908292,35.60833333013728,0.03525,73783561
73.78902789877716,35.60833333013728,0.03475,73793561
73.76852809938867,35.60833333013728,0.034,73773561
73.76596242419778,35.616666663469864,0.0385,73773562
73.75059713591745,35.59999999680469,0.0335,73753560
73.7096018067702,35.59999999680469,0.036,73713560
73.69935297448338,35.59999999680469,0.03875,73703560
73.719850639057,35.59999999680469,0.03675,73723560
73.75827819969444,35.60833333013728,0.03575,73763561
73.72752850061177,35.60833333013728,0.03625,73733561
73.68652890183482,35.60833333013728,0.0335,73693561
73.7070287012233,35.60833333013728,0.035,73713561
73.737778400306,35.60833333013728,0.03575,73743561
73.69677880152906,35.60833333013728,0.02975,73703561
73.57378000519823,35.60833333013728,0.04025,73573561
73.56353010550399,35.60833333013728,0.04,73563561
73.58402990489247,35.60833333013728,0.04025,73583561
73.54303030611551,35.60833333013728,0.023,73543561
73.5942798045867,35.60833333013728,0.02775,73593561
73.57119404092094,35.616666663469864,0.038,73573562
73.61219791108451,35.616666663469864,0.00625,73613562
73.59169597600273,35.616666663469864,0.04425,73593562
73.56094307338006,35.616666663469864,0.03675,73563562
73.55069210583918,35.616666663469864,0.025,73553562
73.63527940336363,35.60833333013728,0.02625,73643561
73.61477960397518,35.60833333013728,0.0,73613561
73.67627900214057,35.60833333013728,0.034,73683561
73.6557792027521,35.60833333013728,0.026,73663561
73.64552930305787,35.60833333013728,0.02625,73653561
73.66602910244633,35.60833333013728,0.03675,73673561
73.62502950366938,35.60833333013728,0.0,73633561
73.66345274878893,35.616666663469864,0.03625,73663562
73.64295081370715,35.616666663469864,0.0,73643562
73.65320178124804,35.616666663469864,0.055,73653562
73.71727860091752,35.60833333013728,0.03275,73723561
73.74802830000023,35.60833333013728,0.03725,73753561
73.73520952157514,35.616666663469864,0.035,73743562
73.74546048911604,35.616666663469864,0.03575,73753562
73.70445661895249,35.616666663469864,0.034,73703562
73.6942056514116,35.616666663469864,0.03625,73693562
73.72495855403426,35.616666663469864,0.03325,73723562
73.75571145665693,35.616666663469864,0.0385,73763562
73.71470758649338,35.616666663469864,0.037,73713562
73.75314573908669,35.62499999680245,0.03825,73753562
73.67370371632981,35.616666663469864,0.0345,73673562
73.6839546838707,35.616666663469864,0.034,73683562
73.62244887862539,35.616666663469864,0.0,73623562
73.63269984616626,35.616666663469864,0.0,73633562
73.65062538081712,35.62499999680245,0.02625,73653562
73.68138148829799,35.62499999680245,0.035,73683562
73.63012130916323,35.62499999680245,0.027,73633562
73.67112945247104,35.62499999680245,0.02525,73673562
73.64037334499017,35.62499999680245,0.02675,73643562
73.66087741664408,35.62499999680245,0.0255,73663562
73.60194694354362,35.616666663469864,0.02675,73603562
73.58144500846184,35.616666663469864,0.03975,73583562
73.57886113002844,35.62499999680245,0.03925,73583562
73.60961723750933,35.62499999680245,0.02675,73613562
73.58911316585541,35.62499999680245,0.0405,73593562
73.54810502254759,35.62499999680245,0.03525,73553562
73.56860909420149,35.62499999680245,0.04175,73573562
73.59936520168236,35.62499999680245,0.027,73603562
73.55835705837455,35.62499999680245,0.041,73563562
73.54551895592651,35.63333333013504,0.0285,73553563
73.79671532682046,35.616666663469864,0.03425,73803562
73.78646435927956,35.616666663469864,0.035,73793562
73.77621339173866,35.616666663469864,0.0355,73783562
73.78390184656752,35.62499999680245,0.037,73783562
73.77364981074057,35.62499999680245,0.0417499999999999,73773562
73.7941538823945,35.62499999680245,0.03625,73793562
73.80440591822145,35.62499999680245,0.0355,73803562
73.76339777491363,35.62499999680245,0.0419999999999999,73763562
73.80184656974204,35.63333333013504,0.03775,73803563
73.7915934651894,35.63333333013504,0.0395,73793563
73.7018855599519,35.62499999680245,0.03875,73703562
73.73264166743277,35.62499999680245,0.023,73733562
73.71213759577887,35.62499999680245,0.039,73713562
73.69163352412494,35.62499999680245,0.0355,73693562
73.72238963160582,35.62499999680245,0.02275,73723562
73.74289370325972,35.62499999680245,0.0355,73743562
73.70956862876844,35.63333333013504,0.0245,73713563
73.71982173332108,35.63333333013504,0.0235,73723563
73.6890624196632,35.63333333013504,0.026,73693563
73.69931552421582,35.63333333013504,0.03525,73703563
73.39449521072713,35.5916666634721,0.0,73393559
73.38424744540869,35.5916666634721,0.0,73383559
73.38163917359202,35.59999999680469,0.0,73383560
73.31491985239879,35.616666663469864,0.0,73313562
73.32517081993969,35.616666663469864,0.0,73333562
73.3225602343546,35.62499999680245,0.0,73323562
73.30205616270068,35.62499999680245,0.0,73303562
73.31230819852765,35.62499999680245,0.0,73313562
73.29180412687373,35.62499999680245,0.0,73293562
73.289191342111,35.63333333013504,0.0,73293563
73.31995065576885,35.63333333013504,0.0,73323563
73.33020376032148,35.63333333013504,0.0,73333563
73.27893823755836,35.63333333013504,0.0,73283563
73.50981711193715,35.58333333013952,0.04275,73513558
73.48932371435923,35.58333333013952,0.03375,73493558
73.51746839454856,35.5916666634721,0.0365,73523559
73.49697286391164,35.5916666634721,0.03075,73503559
73.5072206292301,35.5916666634721,0.0305,73513559
73.47647733327474,35.5916666634721,0.0315,73483559
73.53796392518545,35.5916666634721,0.03175,73543559
73.48672509859318,35.5916666634721,0.03675,73493559
73.527716159867,35.5916666634721,0.03175,73533559
73.53537165789429,35.59999999680469,0.0292499999999999,73543560
73.43288333502612,35.59999999680469,0.0,73433560
73.46362983188656,35.59999999680469,0.00875,73463560
73.44313216731292,35.59999999680469,0.0,73443560
73.45338099959976,35.59999999680469,0.0,73453560
73.42263450273929,35.59999999680469,0.0,73423560
73.41238567045247,35.59999999680469,0.0,73413560
73.40213683816566,35.59999999680469,0.0,73403560
73.43028140947892,35.60833333013728,0.0,73433561
73.40978161009046,35.60833333013728,0.0,73413561
73.45078120886741,35.60833333013728,0.0,73453561
73.494376328747,35.59999999680469,0.02925,73493560
73.52512282560745,35.59999999680469,0.032,73533560
73.47387866417338,35.59999999680469,0.01,73473560
73.48412749646019,35.59999999680469,0.0355,73483560
73.50462516103381,35.59999999680469,0.0325,73503560
73.51487399332065,35.59999999680469,0.03525,73513560
73.50203070733856,35.60833333013728,0.03475,73503561
73.51228060703279,35.60833333013728,0.02725,73513561
73.52253050672705,35.60833333013728,0.03425,73523561
73.47128100825589,35.60833333013728,0.04025,73473561
73.39188800587884,35.59999999680469,0.0,73393560
73.36878201131351,35.60833333013728,0.0,73373561
73.39953171039623,35.60833333013728,0.0,73403561
73.35853211161928,35.60833333013728,0.0,73363561
73.389281810702,35.60833333013728,0.0,73393561
73.37903191100774,35.60833333013728,0.0,73383561
73.48153090795012,35.60833333013728,0.04125,73483561
73.49178080764433,35.60833333013728,0.0355,73493561
73.53278040642128,35.60833333013728,0.0325,73533561
73.51993920321651,35.616666663469864,0.033,73523562
73.48918630059386,35.616666663469864,0.04,73493562
73.53019017075741,35.616666663469864,0.0255,73533562
73.50968823567563,35.616666663469864,0.033,73513562
73.54044113829829,35.616666663469864,0.025,73543562
73.49943726813474,35.616666663469864,0.03375,73503562
73.47893533305297,35.616666663469864,0.0395,73483562
73.46103110856164,35.60833333013728,0.01175,73463561
73.42003150978469,35.60833333013728,0.0,73423561
73.44053130917318,35.60833333013728,0.0,73443561
73.40717856026677,35.616666663469864,0.0,73413562
73.46868436551209,35.616666663469864,0.0414999999999999,73473562
73.42768049534854,35.616666663469864,0.0,73433562
73.44818243043032,35.616666663469864,0.0,73453562
73.41742952780766,35.616666663469864,0.0,73423562
73.43793146288942,35.616666663469864,0.0,73443562
73.45843339797122,35.616666663469864,0.029,73463562
73.33542178748057,35.616666663469864,0.0,73343562
73.37642565764409,35.616666663469864,0.0,73383562
73.34567275502145,35.616666663469864,0.0,73353562
73.36617469010321,35.616666663469864,0.0,73373562
73.38667662518498,35.616666663469864,0.0,73393562
73.35592372256235,35.616666663469864,0.0,73363562
73.39692759272589,35.616666663469864,0.0,73403562
73.36356837766242,35.62499999680245,0.0,73363562
73.35331634183547,35.62499999680245,0.0,73353562
73.33281227018156,35.62499999680245,0.0,73333562
73.47634077175891,35.62499999680245,0.029,73483562
73.53785298672064,35.62499999680245,0.04625,73543562
73.50709687923977,35.62499999680245,0.03325,73513562
73.49684484341282,35.62499999680245,0.03825,73503562
73.51734891506672,35.62499999680245,0.02625,73523562
73.52760095089367,35.62499999680245,0.02675,73533562
73.48659280758586,35.62499999680245,0.03,73493562
73.52501274682125,35.63333333013504,0.0,73533563
73.53526585137388,35.63333333013504,0.0,73543563
73.47374722405817,35.63333333013504,0.0,73473563
73.46608873593198,35.62499999680245,0.029,73473562
73.45583670010501,35.62499999680245,0.0335,73463562
73.41482855679719,35.62499999680245,0.0,73413562
73.40457652097022,35.62499999680245,0.0,73403562
73.43533262845109,35.62499999680245,0.0,73443562
73.42508059262414,35.62499999680245,0.0,73433562
73.44558466427804,35.62499999680245,0.05075,73453562
73.41222859674244,35.63333333013504,0.0,73413563
73.45324101495292,35.63333333013504,0.0,73453563
73.42248170129506,35.63333333013504,0.0,73423563
73.39432448514326,35.62499999680245,0.0,73393562
73.37382041348936,35.62499999680245,0.0,73373562
73.3840724493163,35.62499999680245,0.0,73383562
73.34306430600851,35.62499999680245,0.0,73343562
73.35070996942673,35.63333333013504,0.0,73353563
73.38146928308457,35.63333333013504,0.0,73383563
73.36096307397933,35.63333333013504,0.0,73363563
73.37121617853197,35.63333333013504,0.0,73373563
73.3404568648741,35.63333333013504,0.0,73343563
73.39172238763719,35.63333333013504,0.0,73393563
73.61986927333628,35.62499999680245,0.0579999999999999,73623562
73.65830310600532,35.63333333013504,0.027,73663563
73.67880931511057,35.63333333013504,0.0265,73683563
73.64805000145272,35.63333333013504,0.02725,73653563
73.62754379234748,35.63333333013504,0.02825,73633563
73.6377968969001,35.63333333013504,0.028,73643563
73.61729068779486,35.63333333013504,0.04375,73623563
73.66855621055797,35.63333333013504,0.02675,73673563
73.65572981686631,35.641666663467625,0.028,73663564
73.64547564314827,35.641666663467625,0.02875,73653564
73.78134036063678,35.63333333013504,0.04375,73783563
73.77108725608417,35.63333333013504,0.03925,73773563
73.76083415153155,35.63333333013504,0.023,73763563
73.81209967429464,35.63333333013504,0.0335,73813563
73.79928824891928,35.641666663467625,0.04125,73803564
73.7685257277651,35.641666663467625,0.0,73773564
73.80954242263736,35.641666663467625,0.03925,73813564
73.77877990148316,35.641666663467625,0.0,73783564
73.78903407520122,35.641666663467625,0.0,73793564
73.81979659635543,35.641666663467625,0.0345,73823564
73.74032794242632,35.63333333013504,0.0235,73743563
73.73007483787369,35.63333333013504,0.0235,73733563
73.75058104697894,35.63333333013504,0.02375,73753563
73.75827155404703,35.641666663467625,0.0,73763564
73.69674651173861,35.641666663467625,0.027,73703564
73.71725485917474,35.641666663467625,0.0,73723564
73.7377632066109,35.641666663467625,0.0,73743564
73.68649233802054,35.641666663467625,0.028,73693564
73.70700068545668,35.641666663467625,0.0255,73713564
73.74801738032896,35.641666663467625,0.0,73753564
73.604458948276,35.641666663467625,0.04075,73603564
73.57369642712177,35.641666663467625,0.0,73573564
73.58395060083986,35.641666663467625,0.029,73583564
73.58137084595649,35.64999999680021,0.0,73583565
73.59162608927996,35.64999999680021,0.0,73593565
73.61213657592693,35.64999999680021,0.0395,73613565
73.55060511598602,35.64999999680021,0.0,73553565
73.56086035930952,35.64999999680021,0.0,73563565
73.571115602633,35.64999999680021,0.0,73573565
73.60188133260344,35.64999999680021,0.04175,73603565
73.6659839905844,35.641666663467625,0.02825,73673564
73.67623816430248,35.641666663467625,0.02825,73683564
73.62496729571214,35.641666663467625,0.043,73623564
73.63522146943019,35.641666663467625,0.04625,73643564
73.61471312199407,35.641666663467625,0.03975,73613564
73.66341279254432,35.64999999680021,0.0,73663565
73.6736680358678,35.64999999680021,0.0,73673565
73.62239181925041,35.64999999680021,0.03825,73623565
73.63264706257388,35.64999999680021,0.04225,73633565
73.68392327919129,35.64999999680021,0.0,73683565
73.72750903289283,35.641666663467625,0.0,73733564
73.71468900916173,35.64999999680021,0.0,73713565
73.7249442524852,35.64999999680021,0.0,73723565
73.74545473913219,35.64999999680021,0.0,73753565
73.73519949580871,35.64999999680021,0.0,73743565
73.69417852251478,35.64999999680021,0.0,73693565
73.70443376583825,35.64999999680021,0.0,73703565
73.75570998245567,35.64999999680021,0.0,73763565
73.72238049664604,35.658333330132805,0.0,73723566
73.70186786990796,35.658333330132805,0.0,73703566
73.81724144239655,35.64999999680021,0.03675,73823565
73.76596522577914,35.64999999680021,0.0,73773565
73.80698619907305,35.64999999680021,0.028,73813565
73.7864757124261,35.64999999680021,0.0,73793565
73.77622046910263,35.64999999680021,0.0,73783565
73.82749668572004,35.64999999680021,0.0345,73833565
73.79673095574957,35.64999999680021,0.0,73803565
73.7634057501222,35.658333330132805,0.0,73763566
73.77366206349124,35.658333330132805,0.0,73773566
73.81468731696738,35.658333330132805,0.03725,73813566
73.65315754922085,35.64999999680021,0.0,73653565
73.64290230589738,35.64999999680021,0.04625,73643565
73.68135524316985,35.658333330132805,0.0,73683566
73.63007367632467,35.658333330132805,0.0095,73633566
73.6710989298008,35.658333330132805,0.0,73673566
73.61981736295563,35.658333330132805,0.01275,73623566
73.6608426164318,35.658333330132805,0.0,73663566
73.65058630306275,35.658333330132805,0.0,73653566
73.64032998969371,35.658333330132805,0.0,73643566
73.61724392682122,35.66666666346539,0.01275,73623567
73.55827948274137,35.658333330132805,0.0,73563566
73.54802316937233,35.658333330132805,0.0,73553566
73.56853579611042,35.658333330132805,0.0,73573566
73.59930473621753,35.658333330132805,0.0,73603566
73.57879210947947,35.658333330132805,0.0,73583566
73.58904842284849,35.658333330132805,0.0,73593566
73.60956104958657,35.658333330132805,0.0,73613566
73.54544223983669,35.66666666346539,0.0,73553567
73.55569962369162,35.66666666346539,0.0,73563567
73.6069865429663,35.66666666346539,0.0,73613567
73.73263681001508,35.658333330132805,0.0,73733566
73.712124183277,35.658333330132805,0.0,73713566
73.75314943675318,35.658333330132805,0.0,73753566
73.74289312338414,35.658333330132805,0.0,73743566
73.6916115565389,35.658333330132805,0.0,73693566
73.70956038151562,35.66666666346539,0.0,73713567
73.73007514922548,35.66666666346539,0.0,73733567
73.75058991693534,35.66666666346539,0.0,73753567
73.69930299766068,35.66666666346539,0.0,73703567
73.7403325330804,35.66666666346539,0.0,73743567
73.29944444666361,35.63333333013504,0.0,73303563
73.30969755121623,35.63333333013504,0.0,73313563
73.26868513300573,35.63333333013504,0.0,73273563
73.29683373673393,35.641666663467625,0.0,73303564
73.26607121557971,35.641666663467625,0.0,73273564
73.307087910452,35.641666663467625,0.0,73313564
73.27632538929778,35.641666663467625,0.0,73283564
73.28657956301583,35.641666663467625,0.0,73293564
73.31734208417006,35.641666663467625,0.0,73323564
73.32759625788813,35.641666663467625,0.0,73333564
73.25320305960508,35.64999999680021,0.0,73253565
73.26345830292854,35.64999999680021,0.0,73263565
73.2403337683011,35.658333330132805,0.0,73243566
73.2608463950392,35.658333330132805,0.0,73263566
73.27371354625203,35.64999999680021,0.0,73273565
73.30447927622248,35.64999999680021,0.0,73303565
73.28396878957551,35.64999999680021,0.0,73283565
73.294224032899,35.64999999680021,0.0,73293565
73.32498976286944,35.64999999680021,0.0,73323565
73.31473451954596,35.64999999680021,0.0,73313565
73.30187164851533,35.658333330132805,0.0,73303566
73.29161533514629,35.658333330132805,0.0,73293566
73.27110270840822,35.658333330132805,0.0,73273566
73.32238427525343,35.658333330132805,0.0,73323566
73.37626597948686,35.64999999680021,0.0,73383565
73.33524500619292,35.64999999680021,0.0,73343565
73.3455002495164,35.64999999680021,0.0,73353565
73.38652122281033,35.64999999680021,0.0,73393565
73.38392215546767,35.658333330132805,0.0,73383566
73.37366584209863,35.658333330132805,0.0,73373566
73.33264058862247,35.658333330132805,0.0,73333566
73.34289690199151,35.658333330132805,0.0,73343566
73.35315321536055,35.658333330132805,0.0,73353566
73.3634095287296,35.658333330132805,0.0,73363566
73.31212796188439,35.658333330132805,0.0,73313566
73.28135902177725,35.658333330132805,0.0,73283566
73.29926502731834,35.66666666346539,0.0,73303567
73.2890076434634,35.66666666346539,0.0,73293567
73.30952241117326,35.66666666346539,0.0,73313567
73.31977979502821,35.66666666346539,0.0,73323567
73.26849287575357,35.66666666346539,0.0,73273567
73.33003717888315,35.66666666346539,0.0,73333567
73.27875025960847,35.66666666346539,0.0,73283567
73.28640095783805,35.67499999679798,0.0,73293567
73.46349411950555,35.63333333013504,0.0,73463563
73.4019754921898,35.63333333013504,0.0,73403563
73.44298791040029,35.63333333013504,0.0,73443563
73.43273480584769,35.63333333013504,0.0,73433563
73.40962964763267,35.641666663467625,0.0,73413564
73.45064634250495,35.641666663467625,0.0,73453564
73.46090051622302,35.641666663467625,0.0,73463564
73.41988382135075,35.641666663467625,0.0,73423564
73.4403921687869,35.641666663467625,0.0,73443564
73.43013799506882,35.641666663467625,0.0,73433564
73.59678447868961,35.63333333013504,0.028,73603563
73.56602516503176,35.63333333013504,0.02875,73573563
73.586531374137,35.63333333013504,0.0365,73593563
73.55577206047913,35.63333333013504,0.029,73563563
73.60703758324225,35.63333333013504,0.0375,73613563
73.57627826958436,35.63333333013504,0.0285,73583563
73.54293390596757,35.641666663467625,0.0,73543564
73.59420477455792,35.641666663467625,0.043,73593564
73.56344225340371,35.641666663467625,0.0,73563564
73.55318807968564,35.641666663467625,0.0,73553564
73.49425343316341,35.63333333013504,0.0,73493563
73.51475964226864,35.63333333013504,0.0,73513563
73.50450653771604,35.63333333013504,0.0,73503563
73.4840003286108,35.63333333013504,0.0,73483563
73.4711546899411,35.641666663467625,0.0,73473564
73.5326797322495,35.641666663467625,0.0,73533564
73.49166303737724,35.641666663467625,0.0,73493564
73.51217138481339,35.641666663467625,0.0,73513564
73.50191721109532,35.641666663467625,0.0,73503564
73.52242555853144,35.641666663467625,0.0,73523564
73.37886712647848,35.641666663467625,0.0,73383564
73.38912130019654,35.641666663467625,0.0,73393564
73.34810460532428,35.641666663467625,0.0,73353564
73.36861295276042,35.641666663467625,0.0,73373564
73.3378504316062,35.641666663467625,0.0,73343564
73.35835877904235,35.641666663467625,0.0,73363564
73.3993754739146,35.641666663467625,0.0,73403564
73.3557554928399,35.64999999680021,0.0,73363565
73.3967764661338,35.64999999680021,0.0,73403565
73.36601073616337,35.64999999680021,0.0,73373565
73.48140886365917,35.641666663467625,0.0,73483564
73.47881841272167,35.64999999680021,0.0,73483565
73.48907365604516,35.64999999680021,0.0,73493565
73.53009462933906,35.64999999680021,0.0,73533565
73.50958414269212,35.64999999680021,0.0,73513565
73.54034987266255,35.64999999680021,0.0,73543565
73.49932889936863,35.64999999680021,0.0,73503565
73.51983938601559,35.64999999680021,0.0,73523565
73.47622897578904,35.658333330132805,0.0,73483566
73.50699791589618,35.658333330132805,0.0,73513566
73.40703170945729,35.64999999680021,0.0,73413565
73.44805268275123,35.64999999680021,0.0,73453565
73.4583079260747,35.64999999680021,0.0,73463565
73.46856316939818,35.64999999680021,0.0,73473565
73.43779743942774,35.64999999680021,0.0,73443565
73.42754219610426,35.64999999680021,0.0,73433565
73.41728695278076,35.64999999680021,0.0,73423565
73.42494740894382,35.658333330132805,0.0,73423566
73.40443478220575,35.658333330132805,0.0,73403566
73.45571634905096,35.658333330132805,0.0,73463566
73.43520372231289,35.658333330132805,0.0,73443566
73.46597266242,35.658333330132805,0.0,73473566
73.44546003568192,35.658333330132805,0.0,73453566
73.4146910955748,35.658333330132805,0.0,73413566
73.40183886586767,35.66666666346539,0.0,73403567
73.4120962497226,35.66666666346539,0.0,73413567
73.43261101743245,35.66666666346539,0.0,73433567
73.46338316899725,35.66666666346539,0.0,73463567
73.42235363357752,35.66666666346539,0.0,73423567
73.45312578514233,35.66666666346539,0.0,73453567
73.53776685600329,35.658333330132805,0.0,73543566
73.49674160252714,35.658333330132805,0.0,73503566
73.51725422926522,35.658333330132805,0.0,73523566
73.52751054263425,35.658333330132805,0.0,73533566
73.4864852891581,35.658333330132805,0.0,73493566
73.50441270441699,35.66666666346539,0.0,73503567
73.47364055285219,35.66666666346539,0.0,73473567
73.48389793670712,35.66666666346539,0.0,73483567
73.53518485598178,35.66666666346539,0.0,73543567
73.52492747212685,35.66666666346539,0.0,73523567
73.39417846883671,35.658333330132805,0.0,73393566
73.36080933044794,35.66666666346539,0.0,73363567
73.34029456273808,35.66666666346539,0.0,73343567
73.38132409815782,35.66666666346539,0.0,73383567
73.350551946593,35.66666666346539,0.0,73353567
73.39158148201274,35.66666666346539,0.0,73393567
73.37106671430288,35.66666666346539,0.0,73373567
73.37872705087011,35.67499999679798,0.0,73383567
73.38898550565143,35.67499999679798,0.0,73393567
73.36846859608876,35.67499999679798,0.0,73373567
73.56595700754656,35.66666666346539,0.0,73573567
73.59672915911136,35.66666666346539,0.0,73603567
73.5762143914015,35.66666666346539,0.0,73583567
73.58647177525643,35.66666666346539,0.0,73593567
73.55312078215279,35.67499999679798,0.0,73553567
73.58389614649681,35.67499999679798,0.0,73583567
73.57363769171545,35.67499999679798,0.0,73573567
73.59415460127813,35.67499999679798,0.0,73593567
73.54286232737147,35.67499999679798,0.0,73543567
73.56337923693411,35.67499999679798,0.0,73563567
73.25059008167014,35.658333330132805,0.0,73253566
73.23772072418878,35.66666666346539,0.0,73243567
73.2479781080437,35.66666666346539,0.0,73253567
73.22746334033384,35.66666666346539,0.0,73233567
73.25823549189863,35.66666666346539,0.0,73263567
73.22485022915006,35.67499999679798,0.0,73223567
73.25562559349407,35.67499999679798,0.0,73263567
73.2351086839314,35.67499999679798,0.0,73243567
73.24536713871274,35.67499999679798,0.0,73253567
73.24275717366432,35.683333330130566,0.0,73243568
73.20171906907058,35.683333330130566,0.0,73203568
73.22223812136744,35.683333330130566,0.0,73223568
73.21197859521901,35.683333330130566,0.0,73213568
73.25301669981276,35.683333330130566,0.0,73253568
73.23249764751587,35.683333330130566,0.0,73233568
73.2966594126194,35.67499999679798,0.0,73303567
73.31717632218206,35.67499999679798,0.0,73323567
73.27614250305675,35.67499999679798,0.0,73283567
73.26588404827541,35.67499999679798,0.0,73273567
73.30691786740074,35.67499999679798,0.0,73313567
73.32743477696341,35.67499999679798,0.0,73333567
73.29405480440649,35.683333330130566,0.0,73293568
73.32483338285179,35.683333330130566,0.0,73323568
73.31457385670336,35.683333330130566,0.0,73313568
73.28379527825807,35.683333330130566,0.0,73283568
73.26327622596119,35.683333330130566,0.0,73263568
73.20936641901639,35.69166666346315,0.0,73213569
73.22988761492921,35.69166666346315,0.0,73233569
73.24014821288564,35.69166666346315,0.0,73243569
73.26066940879848,35.69166666346315,0.0,73263569
73.25040881084206,35.69166666346315,0.0,73253569
73.21962701697281,35.69166666346315,0.0,73223569
73.2478019265695,35.69999999679574,0.0,73253570
73.21701691595311,35.69999999679574,0.0,73223570
73.20675524574763,35.69999999679574,0.0,73213570
73.30431433055493,35.683333330130566,0.0,73303568
73.27353575210964,35.683333330130566,0.0,73273568
73.33249359449339,35.69166666346315,0.0,73333569
73.28119060471131,35.69166666346315,0.0,73283569
73.32223299653697,35.69166666346315,0.0,73323569
73.30171180062413,35.69166666346315,0.0,73303569
73.29145120266774,35.69166666346315,0.0,73293569
73.2709300067549,35.69166666346315,0.0,73273569
73.31197239858055,35.69166666346315,0.0,73313569
73.26832526698043,35.69999999679574,0.0,73273570
73.18884522310354,35.69166666346315,0.0,73193569
73.19910582105996,35.69166666346315,0.0,73203569
73.19649357554216,35.69999999679574,0.0,73203570
73.17597023513126,35.69999999679574,0.0,73183570
73.30937194780226,35.69999999679574,0.0,73313570
73.31963361800773,35.69999999679574,0.0,73323570
73.2991102775968,35.69999999679574,0.0,73303570
73.27858693718588,35.69999999679574,0.0,73283570
73.28884860739134,35.69999999679574,0.0,73293570
73.32989528821318,35.69999999679574,0.0,73333570
73.30677250435717,35.70833333012833,0.0,73313571
73.32729799014868,35.70833333012833,0.0,73333571
73.26572153277415,35.70833333012833,0.0,73273571
73.29650976146142,35.70833333012833,0.0,73303571
73.18623190533671,35.69999999679574,0.0,73193570
73.18361958960813,35.70833333012833,0.0,73183571
73.1630941038166,35.70833333012833,0.0,73163571
73.19388233250386,35.70833333012833,0.0,73193571
73.17335684671237,35.70833333012833,0.0,73173571
73.17074445987689,35.71666666346091,0.0,73173572
73.4428684012874,35.66666666346539,0.0,73443567
73.41976086999543,35.67499999679798,0.0,73423567
73.4095024152141,35.67499999679798,0.0,73413567
73.4402777795581,35.67499999679798,0.0,73443567
73.43001932477675,35.67499999679798,0.0,73433567
73.45053623433945,35.67499999679798,0.0,73453567
73.46079468912077,35.67499999679798,0.0,73463567
73.44794769663302,35.683333330130566,0.0,73453568
73.43768817048459,35.683333330130566,0.0,73443568
73.41716911818773,35.683333330130566,0.0,73423568
73.51467008827191,35.66666666346539,0.0,73513567
73.49415532056206,35.66666666346539,0.0,73493567
73.53260387259013,35.67499999679798,0.0,73533567
73.48131159868345,35.67499999679798,0.0,73483567
73.50182850824613,35.67499999679798,0.0,73503567
73.49157005346477,35.67499999679798,0.0,73493567
73.47105314390211,35.67499999679798,0.0,73473567
73.51208696302747,35.67499999679798,0.0,73513567
73.5223454178088,35.67499999679798,0.0,73523567
73.48898580122679,35.683333330130566,0.0,73493568
73.35821014130742,35.67499999679798,0.0,73363567
73.33769323174475,35.67499999679798,0.0,73343567
73.34795168652609,35.67499999679798,0.0,73353567
73.39924396043277,35.67499999679798,0.0,73403567
73.36587148744555,35.683333330130566,0.0,73373568
73.35561196129711,35.683333330130566,0.0,73363568
73.33509290900024,35.683333330130566,0.0,73343568
73.37613101359398,35.683333330130566,0.0,73383568
73.38639053974244,35.683333330130566,0.0,73393568
73.34535243514868,35.683333330130566,0.0,73353568
73.5197643796721,35.683333330130566,0.0,73523568
73.49924532737522,35.683333330130566,0.0,73503568
73.54028343196897,35.683333330130566,0.0,73543568
73.47872627507834,35.683333330130566,0.0,73483568
73.50950485352368,35.683333330130566,0.0,73513568
73.53002390582054,35.683333330130566,0.0,73533568
73.53770555362175,35.69166666346315,0.0,73543569
73.51718435770893,35.69166666346315,0.0,73523569
73.52744495566533,35.69166666346315,0.0,73533569
73.48640256383966,35.69166666346315,0.0,73493569
73.45820722278148,35.683333330130566,0.0,73463568
73.46846674892991,35.683333330130566,0.0,73473568
73.42742864433616,35.683333330130566,0.0,73433568
73.40690959203931,35.683333330130566,0.0,73413568
73.42483897610116,35.69166666346315,0.0,73423569
73.40431778018834,35.69166666346315,0.0,73403569
73.44536017201398,35.69166666346315,0.0,73453569
73.4556207699704,35.69166666346315,0.0,73463569
73.41457837814474,35.69166666346315,0.0,73413569
73.43509957405756,35.69166666346315,0.0,73443569
73.39665006589087,35.683333330130566,0.0,73403568
73.39405718223192,35.69166666346315,0.0,73393569
73.38379658427547,35.69166666346315,0.0,73383569
73.3427541924498,35.69166666346315,0.0,73343569
73.36327538836265,35.69166666346315,0.0,73363569
73.35301479040623,35.69166666346315,0.0,73353569
73.37353598631907,35.69166666346315,0.0,73373569
73.39146530944595,35.69999999679574,0.0,73393570
73.36068029882956,35.69999999679574,0.0,73363570
73.37094196903503,35.69999999679574,0.0,73373570
73.49666316179606,35.69166666346315,0.0,73503569
73.47614196588324,35.69166666346315,0.0,73483569
73.50692375975248,35.69166666346315,0.0,73513569
73.53512869232244,35.69999999679574,0.0,73543570
73.50434368170605,35.69999999679574,0.0,73503570
73.47355867108966,35.69999999679574,0.0,73473570
73.48382034129513,35.69999999679574,0.0,73483570
73.524867022117,35.69999999679574,0.0,73523570
73.51460535191151,35.69999999679574,0.0,73513570
73.49408201150058,35.69999999679574,0.0,73493570
73.46588136792683,35.69166666346315,0.0,73473569
73.4119886498569,35.69999999679574,0.0,73413570
73.45303533067872,35.69999999679574,0.0,73453570
73.46329700088418,35.69999999679574,0.0,73463570
73.43251199026781,35.69999999679574,0.0,73433570
73.42225032006236,35.69999999679574,0.0,73423570
73.44277366047326,35.69999999679574,0.0,73443570
73.40172697965143,35.69999999679574,0.0,73403570
73.46071364779348,35.70833333012833,0.0,73463571
73.440188162002,35.70833333012833,0.0,73443571
73.34015695841865,35.69999999679574,0.0,73343570
73.35041862862411,35.69999999679574,0.0,73353570
73.3812036392405,35.69999999679574,0.0,73383570
73.38887444752321,35.70833333012833,0.0,73393571
73.37861170462746,35.70833333012833,0.0,73383571
73.36834896173171,35.70833333012833,0.0,73373571
73.39913719041897,35.70833333012833,0.0,73403571
73.35808621883595,35.70833333012833,0.0,73363571
73.33756073304443,35.70833333012833,0.0,73343571
73.34782347594019,35.70833333012833,0.0,73353571
73.47097639068923,35.70833333012833,0.0,73473571
73.49150187648075,35.70833333012833,0.0,73493571
73.5325528480638,35.70833333012833,0.0,73533571
73.51202736227228,35.70833333012833,0.0,73513571
73.481239133585,35.70833333012833,0.0,73483571
73.50176461937652,35.70833333012833,0.0,73503571
73.52229010516804,35.70833333012833,0.0,73523571
73.49918657275622,35.71666666346091,0.0,73503572
73.54024183686614,35.71666666346091,0.0,73543572
73.50945038878369,35.71666666346091,0.0,73513572
73.78140877725356,35.69999999679574,0.0,73783570
73.80193211766448,35.69999999679574,0.0,73803570
73.76088543684261,35.69999999679574,0.0,73763570
73.79938416335342,35.70833333012833,0.0,73803571
73.78912142045768,35.70833333012833,0.0,73793571
73.81990964914493,35.70833333012833,0.0,73823571
73.8301723920407,35.70833333012833,0.0,73833571
73.76859593466615,35.70833333012833,0.0,73773571
73.80964690624918,35.70833333012833,0.0,73813571
73.7788586775619,35.70833333012833,0.0,73783571
73.75062376663715,35.69999999679574,0.0,73753570
73.69675673439588,35.70833333012833,0.0,73703571
73.7583331917704,35.70833333012833,0.0,73763571
73.71728222018737,35.70833333012833,0.0,73723571
73.70701947729164,35.70833333012833,0.0,73713571
73.74807044887464,35.70833333012833,0.0,73753571
73.7378077059789,35.70833333012833,0.0,73743571
73.68649399150011,35.70833333012833,0.0,73693571
73.72754496308312,35.70833333012833,0.0,73733571
73.7044628933058,35.71666666346091,0.0,73703572
73.57617537314428,35.69999999679574,0.0,73583570
73.55565203273338,35.69999999679574,0.0,73563570
73.55307833385531,35.70833333012833,0.0,73553571
73.57360381964682,35.70833333012833,0.0,73573571
73.60439204833406,35.70833333012833,0.0,73603571
73.56334107675106,35.70833333012833,0.0,73563571
73.58386656254255,35.70833333012833,0.0,73583571
73.54281559095956,35.70833333012833,0.0,73543571
73.5941293054383,35.70833333012833,0.0,73593571
73.61208854905847,35.71666666346091,0.0,73613572
73.6659685057086,35.70833333012833,0.0,73673571
73.67367144522336,35.71666666346091,0.0,73673572
73.64287999714091,35.71666666346091,0.0,73643572
73.66340762919587,35.71666666346091,0.0,73663572
73.62235236508596,35.71666666346091,0.0,73623572
73.6531438131684,35.71666666346091,0.0,73653572
73.68393526125085,35.71666666346091,0.0,73683572
73.63261618111345,35.71666666346091,0.0,73633572
73.6813775546523,35.7249999967935,0.0,73683572
73.63005310664819,35.7249999967935,0.0,73633572
73.7968372375531,35.71666666346091,0.0,73803572
73.78657342152562,35.71666666346091,0.0,73793572
73.76604578947067,35.71666666346091,0.0,73773572
73.77630960549816,35.71666666346091,0.0,73783572
73.8071010535806,35.71666666346091,0.0,73813572
73.81736486960807,35.71666666346091,0.0,73823572
73.82762868563556,35.71666666346091,0.0,73833572
73.78402645066046,35.7249999967935,0.0,73783572
73.81482111946292,35.7249999967935,0.0,73813572
73.79429134026128,35.7249999967935,0.0,73793572
73.60182473303098,35.71666666346091,0.0,73603572
73.5607694689211,35.71666666346091,0.0,73563572
73.58129710097604,35.71666666346091,0.0,73583572
73.5915609170035,35.71666666346091,0.0,73593572
73.55050565289362,35.71666666346091,0.0,73553572
73.57103328494857,35.71666666346091,0.0,73573572
73.56846376904328,35.7249999967935,0.0,73573572
73.58899354824493,35.7249999967935,0.0,73593572
73.55819887944247,35.7249999967935,0.0,73563572
73.59925843784572,35.7249999967935,0.0,73603572
73.69419907727833,35.71666666346091,0.0,73693572
73.73525434138821,35.71666666346091,0.0,73743572
73.72499052536075,35.71666666346091,0.0,73723572
73.75578197344319,35.71666666346091,0.0,73763572
73.7455181574157,35.71666666346091,0.0,73753572
73.71472670933328,35.71666666346091,0.0,73713572
73.70190733385392,35.7249999967935,0.0,73703572
73.71217222345474,35.7249999967935,0.0,73713572
73.6916424442531,35.7249999967935,0.0,73693572
73.74296689225717,35.7249999967935,0.0,73743572
73.60952332744654,35.7249999967935,0.0,73613572
73.57872865864411,35.7249999967935,0.0,73583572
73.54793398984165,35.7249999967935,0.0,73553572
73.55562930830882,35.73333333012609,0.0,73563573
73.57616123554074,35.73333333012609,0.0,73583573
73.59669316277264,35.73333333012609,0.0,73603573
73.54536334469284,35.73333333012609,0.0,73553573
73.56589527192477,35.73333333012609,0.0,73573573
73.60695912638859,35.73333333012609,0.0,73613573
73.58642719915669,35.73333333012609,0.0,73593573
73.66084777545065,35.7249999967935,0.0,73663572
73.65058288584983,35.7249999967935,0.0,73653572
73.64031799624901,35.7249999967935,0.0,73643572
73.61978821704736,35.7249999967935,0.0,73623572
73.67111266505145,35.7249999967935,0.0,73673572
73.66855490808433,35.73333333012609,0.0,73673573
73.61722509000454,35.73333333012609,0.0,73623573
73.67882087170028,35.73333333012609,0.0,73683573
73.63775701723647,35.73333333012609,0.0,73643573
73.64802298085242,35.73333333012609,0.0,73653573
73.72243711305556,35.7249999967935,0.0,73723572
73.73270200265637,35.7249999967935,0.0,73733572
73.75323178185802,35.7249999967935,0.0,73753572
73.68908683531626,35.73333333012609,0.0,73693573
73.74041665339603,35.73333333012609,0.0,73743573
73.75068261701198,35.73333333012609,0.0,73753573
73.71988472616412,35.73333333012609,0.0,73723573
73.73015068978009,35.73333333012609,0.0,73733573
73.70961876254817,35.73333333012609,0.0,73713573
73.69935279893221,35.73333333012609,0.0,73703573
72.69228409112658,35.83333333011714,0.0,72693583
72.69992026225138,35.84166666344973,0.0,72703584
72.68964029615094,35.84166666344973,0.0,72693584
73.23754025636403,35.69999999679574,0.0,73243570
73.22727858615858,35.69999999679574,0.0,73233570
73.25806359677496,35.69999999679574,0.0,73263570
73.20414507539961,35.70833333012833,0.0,73203571
73.24519604698264,35.70833333012833,0.0,73253571
73.23493330408688,35.70833333012833,0.0,73233571
73.21440781829536,35.70833333012833,0.0,73213571
73.25545878987839,35.70833333012833,0.0,73263571
73.22467056119113,35.70833333012833,0.0,73223571
73.21179972398677,35.71666666346091,0.0,73213572
73.31703524725292,35.70833333012833,0.0,73323571
73.28624701856567,35.70833333012833,0.0,73293571
73.27598427566991,35.70833333012833,0.0,73283571
73.29391025220664,35.71666666346091,0.0,73293572
73.27338262015166,35.71666666346091,0.0,73273572
73.28364643617915,35.71666666346091,0.0,73283572
73.32470170028905,35.71666666346091,0.0,73323572
73.3144378842616,35.71666666346091,0.0,73313572
73.30417406823412,35.71666666346091,0.0,73303572
73.27078197061955,35.7249999967935,0.0,73273572
73.23232735604175,35.71666666346091,0.0,73233572
73.25285498809671,35.71666666346091,0.0,73253572
73.20153590795931,35.71666666346091,0.0,73203572
73.22206354001426,35.71666666346091,0.0,73223572
73.26311880412419,35.71666666346091,0.0,73263572
73.24259117206923,35.71666666346091,0.0,73243572
73.2399873018171,35.7249999967935,0.0,73243572
73.21945752261544,35.7249999967935,0.0,73223572
73.22972241221625,35.7249999967935,0.0,73233572
73.20919263301462,35.7249999967935,0.0,73213572
73.18100827590436,35.71666666346091,0.0,73183572
73.19127209193184,35.71666666346091,0.0,73193572
73.15021682782192,35.71666666346091,0.0,73153572
73.16048064384941,35.71666666346091,0.0,73163572
73.14760329540972,35.7249999967935,0.0,73153572
73.17839796421218,35.7249999967935,0.0,73183572
73.18866285381301,35.7249999967935,0.0,73193572
73.16813307461138,35.7249999967935,0.0,73173572
73.1373384058089,35.7249999967935,0.0,73143572
73.31184152902283,35.7249999967935,0.0,73313572
73.30157663942201,35.7249999967935,0.0,73303572
73.32210641862365,35.7249999967935,0.0,73323572
73.2913117498212,35.7249999967935,0.0,73293572
73.28104686022036,35.7249999967935,0.0,73283572
73.33237130822444,35.7249999967935,0.0,73333572
73.2989802179099,35.73333333012609,0.0,73303573
73.31951214514181,35.73333333012609,0.0,73323573
73.32977810875776,35.73333333012609,0.0,73333573
73.30924618152586,35.73333333012609,0.0,73313573
73.19892774341383,35.7249999967935,0.0,73203572
73.15786818501053,35.7249999967935,0.0,73163572
73.17578865451843,35.73333333012609,0.0,73183573
73.18605461813438,35.73333333012609,0.0,73193573
73.1552567272865,35.73333333012609,0.0,73163573
73.14499076367053,35.73333333012609,0.0,73143573
73.13472480005458,35.73333333012609,0.0,73133573
73.16552269090245,35.73333333012609,0.0,73173573
73.19632058175033,35.73333333012609,0.0,73203573
73.15264627066385,35.74166666345867,0.0,73153574
73.26051708101872,35.7249999967935,0.0,73263572
73.25025219141791,35.7249999967935,0.0,73253572
73.21685250898223,35.73333333012609,0.0,73223573
73.2476503998301,35.73333333012609,0.0,73253573
73.23738443621414,35.73333333012609,0.0,73243573
73.20658654536629,35.73333333012609,0.0,73213573
73.25791636344606,35.73333333012609,0.0,73263573
73.22711847259818,35.73333333012609,0.0,73233573
73.25531665139464,35.74166666345867,0.0,73263574
73.20398146102924,35.74166666345867,0.0,73203574
73.27844829067797,35.73333333012609,0.0,73283573
73.28871425429394,35.73333333012609,0.0,73293573
73.26818232706202,35.73333333012609,0.0,73273573
73.28611776561387,35.74166666345867,0.0,73293574
73.31691887983312,35.74166666345867,0.0,73323574
73.30665184176004,35.74166666345867,0.0,73313574
73.29638480368695,35.74166666345867,0.0,73303574
73.32718591790619,35.74166666345867,0.0,73333574
73.26558368946772,35.74166666345867,0.0,73273574
73.27585072754079,35.74166666345867,0.0,73283574
73.21424849910233,35.74166666345867,0.0,73213574
73.24504961332154,35.74166666345867,0.0,73253574
73.22451553717538,35.74166666345867,0.0,73223574
73.23478257524847,35.74166666345867,0.0,73233574
73.21164549296351,35.74999999679126,0.0,73213575
73.20137737999113,35.74999999679126,0.0,73203575
73.26298605782534,35.74999999679126,0.0,73263575
73.23218171890822,35.74999999679126,0.0,73233575
73.22191360593588,35.74999999679126,0.0,73223575
73.24244983188059,35.74999999679126,0.0,73243575
73.19371442295618,35.74166666345867,0.0,73193574
73.16291330873692,35.74166666345867,0.0,73163574
73.1834473848831,35.74166666345867,0.0,73183574
73.17318034681,35.74166666345867,0.0,73173574
73.14237923259077,35.74166666345867,0.0,73143574
73.17057304107402,35.74999999679126,0.0,73173575
73.13976870215693,35.74999999679126,0.0,73143575
73.18084115404639,35.74999999679126,0.0,73183575
73.16030492810165,35.74999999679126,0.0,73163575
73.19110926701877,35.74999999679126,0.0,73193575
73.45045090489774,35.70833333012833,0.0,73453571
73.40939993331473,35.70833333012833,0.0,73413571
73.41966267621049,35.70833333012833,0.0,73423571
73.42992541910624,35.70833333012833,0.0,73433571
73.45813130864629,35.71666666346091,0.0,73463572
73.41707604453639,35.71666666346091,0.0,73423572
73.43760367659134,35.71666666346091,0.0,73443572
73.42733986056386,35.71666666346091,0.0,73433572
73.44786749261883,35.71666666346091,0.0,73453572
73.40681222850888,35.71666666346091,0.0,73413572
73.47865894070124,35.71666666346091,0.0,73483572
73.51971420481117,35.71666666346091,0.0,73523572
73.52997802083864,35.71666666346091,0.0,73533572
73.48892275672874,35.71666666346091,0.0,73493572
73.47607976263589,35.7249999967935,0.0,73483572
73.53766910024082,35.7249999967935,0.0,73543572
73.48634465223672,35.7249999967935,0.0,73493572
73.5171393210392,35.7249999967935,0.0,73523572
73.52740421064,35.7249999967935,0.0,73533572
73.50687443143836,35.7249999967935,0.0,73513572
73.35549314837148,35.71666666346091,0.0,73363572
73.39654841248142,35.71666666346091,0.0,73403572
73.34522933234402,35.71666666346091,0.0,73353572
73.33496551631653,35.71666666346091,0.0,73333572
73.36575696439898,35.71666666346091,0.0,73373572
73.38628459645393,35.71666666346091,0.0,73393572
73.37602078042646,35.71666666346091,0.0,73383572
73.39396064582937,35.7249999967935,0.0,73393572
73.37343086662773,35.7249999967935,0.0,73373572
73.34263619782527,35.7249999967935,0.0,73343572
73.46839512467376,35.71666666346091,0.0,73473572
73.44528509383346,35.7249999967935,0.0,73453572
73.45554998343428,35.7249999967935,0.0,73463572
73.42475531463182,35.7249999967935,0.0,73423572
73.40422553543019,35.7249999967935,0.0,73403572
73.414490425031,35.7249999967935,0.0,73413572
73.43502020423266,35.7249999967935,0.0,73443572
73.46581487303509,35.7249999967935,0.0,73473572